{
    "version": "1.0",
    "fileName": "Boost Skate Cycle Beta.png",
    "width": 640,
    "height": 80,
    "columns": 8,
    "rows": 1,
    "frames": [
        {
            "duration": 50
        },
        {
            "duration": 50
        },
        {
            "duration": 50
        },
        {
            "duration": 50
        },
        {
            "duration": 50
        },
        {
            "duration": 50
        },
        {
            "duration": 50
        },
        {
            "duration": 50
        }
    ]
}