{
    "version": "1.0",
    "fileName": "Muni_Idle.png",
    "width": 1024,
    "height": 128,
    "columns": 8,
    "rows": 1,
    "frames": [
        {
            "duration": 125
        },
        {
            "duration": 125
        },
        {
            "duration": 125
        },
        {
            "duration": 125
        },
        {
            "duration": 125
        },
        {
            "duration": 125
        },
        {
            "duration": 125
        },
        {
            "duration": 125
        }
    ]
}